1,addr1q9atggmy74zn7wjq4fqsqdp72yr5ty2exv77rcu08xzwqpwa70luenfr2te532823y2mmjmpkr6s3vkp2zw2rzexmsuqlknyrn,837
2,addr1q9yyl4u2j2zl529909uq26x7nucpgpvckf3cc2rtesvsyndcuyuetg5hps26j5jq4hnpztuyxdjp52hu0300e66c485sr5exuf,1179
3,addr1q85qxx3dur5f6y4tua0ejx4jjtkjy4vrjmqerwsc3hzry5evvl2l5zur7z9aq9mul3sk44p0yqw09raysjw2hc34jy5sdlwlk5,2214
4,addr1qxnhx7lpetqykfxtynrxnafddj2zc5rav73gwaj9nastajwel4a4rd3hge592lnm8ejy6z5we5gm89v4mlpd608jsgnqdkmyph,
4,addr1qxfwwshvmfyy2w0cws4mj74ldt67aklc8fqq2zuf5ee5vefmyqutsjz455alcqg3466apxxg0lc9fl2aru3dxyvrypxskurnje,8817
5,addr1q92evj0dzjyqw0fq9v4s7p85nfdhu6z33grd23x280743emn8xpekp4yvf5wr379cfh2sue5wwnkl490xwv568s058gqr9sr0g,3207
6,addr1qy8k5jhzkgny0jza6pp38nl9nsfv5j7mnrtc9069va0r86ynf86ehkqt2pxkj62ksfw3fay73yy0rd2gnf7jlemthneslwckld,106756
7,addr1qxufqfdkmjxav22tarme39zk09l884jcr8qz0s8t9y9dvwwr0jympjrp7u8kdu7840amkdqtc065hnlcnx3ejccjz6usc22k8j,194
8,addr1qx0up3kc9lhgz340v2ze2s6c7lf56p9572gsqf9yzfsdx0x4xx9peh7lhk2vc0lrmx4cfq27d8ehjhmkrhp80au0696qfnx9ny,284
9,addr1q8k3s7pclv94cyccjxh0tgweg3vfwllzu9jmq8uun877rxqsty5hs6ysrsq0r9yjmmvpp4zclmkm9ws9zk3nwen00x5qvclndv,1805
10,addr1qx0fjj6u07vy7hyvw4e7lsl0z79dv7m2vyxyujj7pw0pj30x6mcsda3y6njfulqnphug43w96le0fe85qts4t7ld4meqf584gf,
11,addr1q8uqur55l6jjxt9qph5emz3v9kuqruq7vxx0064a474qvshn37ax07853r89zvnkuw6hm0397tkrd6a9y9cltstu9mrsmue2gh,
12,addr1q8gleg84e9qsu87zj4z64v77c3axh3n733x3yajplsxpuxrqjrxevv23fph3hmukg4f06mqfe8wjj64v8zejjmqe0tsq5q9kga,
13,addr1q8wnrdavuv78m87wyse2rwjn9gsrezhprllh0a0q6vej7vz8azw743n5lwjgz7q0svekxh7mtpl5lvrml0jetvvegyrqz5yny4,
14,addr1qxu9numzyz3syk9y73nkm4py0n4mcysjjr9nacymhsmcl0kjq0z9pjz8p9uqz9xrcrl0dakmfkaqtxlaqd5268k6fr2s4v4g0v,9735
15,addr1qy8psysvh8kyy52jzc38u77zyfxnh6htlsm6agw7nsvlj7w4mfefc55aehdwrt0semyzr7y5tjahc7x9zvyx9c7hewzsy38dp4,
16,addr1q8dnm3n62av005dxja0shrwgtqtejnaxgqr7nq66g0er5lfu0wpsjmdxfl2al0alpmrxyy8vwtvdx4wmxhm0ue5vdmtstxxgk7,10129
17,addr1q83gaw5xgtxrf3l6cycjm536634aru9uyrn36yz0alc3h824cxjmkhrnw7crjteed9lytnmu39dcyxzyfy8u0m8qu55szkfa8a,11974
18,addr1q9wmygkxmcd392mtqg3c6thrrvvtdl8qlhmajvx88ergf9jwu4nyql7qhvl722q6rn6tu7l5fjkmf9kwmyaq5asc8p5st6y5ah,1410
19,addr1q9g5prnrwxtp0lsdug8lp5zjyffrxat5qcjdhqm76tyz9vdtcwd3s0jhp3pqv7twcyphfurs7h0g6eua8rngk7jfwq4qmewhhu,33100
20,addr1qyz5sy2twn0e6davma39qea6s2gyndyqumzyqyvzfyrj9m9gw28ga5dgcuxsuuuqewufg0gs7gan8jeetnkafrwhv2cstg0mwq,266
21,addr1qxpgdsju84hsq579unw70e3s4vkl0sxfcxd6jvxls38cw35dfl2pfm8wwgevvfktvupmdcxzgl474elrz6ajjmzeur2q22e0pq,
22,addr1q8eppqptpvnxze5ge523tv9mxxhnu4kmx654kl4plmqdwcrshjf9rmlknv9q3pgsyyg5ghmdetyl7yq44rjh2rjf6phqf3d4a3,
23,addr1q9lfzduy3gjz5cgteaeanra7266zljxuuqtgqgzvskf2u0q8us2qtfsasnxa727zgp208mkvvelps8kpmp23s2nsyp2qytcacq,